jiscode,name,lat,lon
1000,kC,43.064278,141.346785
1100,Dys,43.061945,141.354395
1101,Dys,43.05539,141.34098
1102,Dysk,43.090691,141.340922
1103,Dys,43.076111,141.363616
1104,Dys΋,43.045445,141.396378
1105,DysL,43.031366,141.379978
1106,Dys,42.989953,141.353372
1107,Dys,43.074358,141.300899
1108,Dysʋ,43.036146,141.474747
1109,Dys,43.121851,141.245651
1110,Dysc,42.999538,141.443891
1202,َs,41.768679,140.729127
1203,Ms,43.190808,140.994309
1204,s,43.770846,142.364852
1205,s,42.315208,140.973632
1206,Hs,42.984834,144.381688
1207,эLs,42.923691,143.196577
1208,ks,43.803993,143.895729
1209,[s,43.056825,141.973979
1210,〈s,43.196194,141.775852
1211,ԑs,44.020626,144.273489
1212,Gs,43.940969,141.63685
1213,Ϗqs,42.634085,141.60551
1214,ts,45.415553,141.673146
1215,Ss,43.332986,141.854003
1216,ʎs,43.518199,142.189544
1217,]ʎs,43.103613,141.535988
1218,ԕs,43.557968,142.044169
1219,ʎs,44.356484,143.354067
1220,mʎs,44.178664,142.400461
1221,s,44.35584,142.463195
1222,O}s,43.245802,141.875619
1223,s,43.329998,145.582953
1224,Ύs,42.82151,141.651075
1225,s,43.557741,141.910458
1226,s,43.494748,141.903492
1227,̎us,43.52161,142.035285
1228,[s,43.723257,142.053576
1229,xǖs,43.341919,142.383205
1230,oʎs,42.412732,141.106562
1231,bs,42.882472,141.577912
1233,ɒBs,42.471915,140.864745
1234,kLs,42.986821,141.563659
1235,Ύs,43.171348,141.31542
1236,kls,41.824143,140.652908
1303,ʒ,43.223821,141.517094
1304,VÑ,43.225271,141.649305
1331,O,41.430033,140.110498
1332,,41.483613,140.251317
1333,m,41.598356,140.418854
1334,،Ó,41.678402,140.437626
1337,ђ,41.895692,140.694374
1343,,42.038598,140.815914
1345,X,42.104972,140.576481
1346,_,42.25589,140.26525
1347,,42.514005,140.380866
1361,],41.869289,140.127616
1362,m,41.800825,140.120342
1363,򕔒,41.92098,140.225327
1364,,41.968611,140.135472
1367,K,42.172292,139.514152
1370,,42.429363,140.008705
1371,Ȓ,42.414861,139.876243
1391,q,42.700498,140.061481
1392,s,42.791053,140.228782
1393,,42.667792,140.307781
1394,z,42.809225,140.528367
1395,jZR,42.804841,140.687548
1396,^둺,42.763015,140.803541
1397,s,42.73741,140.875619
1398,Εʒ,42.795405,140.934611
1399,ɒ,42.85823,140.884057
1400,m,42.901721,140.759037
1401,a,42.980403,140.611239
1402,,42.979761,140.514773
1403,,43.063029,140.49902
1404,_b,43.143879,140.430826
1405,ϒO,43.299064,140.598331
1406,Õ,43.265484,140.638941
1407,mؒ,43.154638,140.764132
1408,]s,43.195329,140.783572
1409,Ԉ쑺,43.083537,140.813577
1423,y,43.063704,141.650257
1424,ވ],43.425311,141.882888
1425,㍻쒬,43.48267,141.984078
1427,Rm,42.999549,141.790359
1428,,43.010378,141.695396
1429,IR,43.056292,141.784163
1430,`,43.338397,141.669604
1431,YP,43.430447,141.818919
1432,V\Ð쒬,43.548492,141.877073
1433,w,43.70034,141.962058
1434,ʒ,43.766999,141.958499
1436,J,43.643954,141.889012
1437,k,43.731472,141.879147
1438,c,43.806744,141.933443
1452,鐲,43.84331,142.354403
1453,_y,43.696276,142.451653
1454,,43.828123,142.508418
1455,z,43.875006,142.477695
1456,ʒ,43.906561,142.578073
1457,쒬,43.847102,142.77045
1458,쒬,43.698916,142.510091
1459,l,43.588315,142.467074
1460,xǖ쒬,43.455578,142.467164
1461,xǖ쒬,43.405785,142.425152
1462,xǖ쒬,43.164085,142.568365
1463,芥,42.979878,142.398532
1464,a,44.023154,142.413358
1465,,44.095768,142.361253
1468,쒬,44.302575,142.635238
1469,[,44.48099,142.34303
1470,Ўq{,44.724931,142.262022
1471,쒬,44.811332,142.07134
1472,y,44.009812,142.153828
1481,ђ,43.856032,141.525197
1482,,44.015157,141.662844
1483,ϑO,44.306095,141.653022
1484,Hy,44.360701,141.697458
1485,Rʑ,44.531934,141.766495
1486,ʒ,44.722278,141.792177
1487,V,44.888313,141.745366
1511,,45.330577,142.108889
1512,lڕʒ,45.123993,142.359577
1513,ڕʒ,44.969757,142.286594
1514,}K,44.938836,142.581257
1516,Lx,45.102864,141.777537
1517,當,45.303877,141.047458
1518,K,45.186976,141.13968
1519,Kxm,45.247473,141.214726
1520,y,45.017716,141.849403
1543,y,43.823729,144.107177
1544,Õʒ,43.706323,144.024801
1545,Η,43.911426,144.670763
1546,,43.835182,144.594523
1547,,43.85672,144.462121
1549,Pq{,43.725535,143.741602
1550,u˒,43.676314,143.586391
1552,CԒ,44.017808,143.77478
1555,y,44.061714,143.528019
1559,Nʒ,44.151484,143.572955
1560,㒬,44.192186,143.077654
1561,,44.470114,143.123512
1562,,44.328778,142.944461
1563,Y,44.58247,142.96186
1564,,43.911858,144.172473
1571,LY,42.583449,140.711921
1575,s˒,42.552385,140.886031
1578,V,42.551109,141.355788
1581,^,42.722973,141.878173
1584,Β,42.551458,140.764445
1585,,42.762829,141.818092
1586,ނ풬,42.574655,141.926905
1601,,42.480356,142.074652
1602,撬,42.585164,142.1288
1604,V,42.362416,142.318487
1607,Y͒,42.168563,142.768387
1608,l,42.127797,142.933875
1609,,42.016235,143.148779
1610,VЂ,42.341281,142.368346
1631,X,42.994154,143.198017
1632,my,43.168191,143.241088
1633,my,43.232659,143.296219
1634,ǒ,43.099162,142.988807
1635,V,43.079799,142.83882
1636,,43.011059,142.884764
1637,莺,42.911891,143.050841
1638,D,42.697185,143.132568
1639,Xʑ,42.649998,143.188148
1641,,42.497517,143.278871
1642,L,42.285987,143.311687
1643,ʒ,42.908198,143.356063
1644,rc,42.929032,143.448496
1645,L,42.801021,143.505862
1646,{ʒ,43.124459,143.610556
1647,,43.244581,143.551971
1648,ʒ,43.468897,143.747307
1649,Yy,42.808941,143.658628
1661,H,42.99617,144.466012
1662,ݒ,43.051953,144.847504
1663,l,43.0771,145.129421
1664,W,43.30336,144.600681
1665,q,43.485389,144.459073
1667,ߋ,43.229775,144.321071
1668,f,42.956132,144.071749
1691,ʊC,43.394114,145.117437
1692,WÒ,43.555172,144.971444
1693,WÒ,43.661331,145.131313
1694,P,44.021897,145.189466
2000,X,40.824338,140.740087
2201,Xs,40.822116,140.747587
2202,OOs,40.602965,140.464008
2203,ˎs,40.511892,141.489479
2204,Ύs,40.642687,140.594551
2205,܏쌴s,40.807943,140.440112
2206,\acs,40.612705,141.205891
2207,Os,40.683259,141.368929
2208,ނs,41.292734,141.183459
2209,s,40.808775,140.380117
2210,s,40.584083,140.5665
2301,,40.926,140.956175
2303,ʒ,41.182071,140.481482
2304,Hc,40.971819,140.655921
2307,Ol,41.0434,140.632316
2321,˃,40.779884,140.208742
2323,[Y,40.647944,139.927664
2343,ډ,40.576852,140.296246
2361,蒬,40.656096,140.502814
2362,k,40.518256,140.567891
2367,cɊّ,40.631576,140.55011
2381,,40.69601,140.457615
2384,ߓc,40.758781,140.428726
2387,,40.960427,140.434122
2401,Ӓn,40.864344,141.128666
2402,˒,40.744662,141.158018
2405,Z˒,40.609654,141.324768
2406,l,41.08321,141.247534
2408,k,40.728086,141.257815
2411,Z,40.967391,141.374474
2412,点,40.599101,141.397818
2423,Ԓ,41.526771,140.907445
2424,ʑ,41.277914,141.329466
2425,ԉY,41.487608,140.995596
2426,䑺,41.429833,140.859217
2441,O˒,40.378292,141.258672
2442,܌˒,40.531052,141.307829
2443,cq,40.339961,141.152017
2445,암,40.466791,141.381786
2446,K㒬,40.452458,141.621135
2450,V,40.465779,141.173399
3000,茧,39.703647,141.152592
3201,s,39.701981,141.154259
3202,{Îs,39.641453,141.957245
3203,Dns,39.082068,141.708399
3205,Ԋs,39.388684,141.116773
3206,ks,39.28675,141.113166
3207,vs,40.190271,141.775299
3208,s,39.327651,141.533912
3209,֎s,38.934568,141.126511
3210,Ocs,39.027713,141.625599
3211,Ύs,39.275937,141.885596
3213,ˎs,40.271085,141.304783
3214,s,39.956497,141.071289
3215,Bs,39.144545,141.139002
3216,s,39.734753,141.077042
3301,Β,39.696142,140.975664
3302,,40.039726,141.436443
3303,蒬,39.972506,141.212577
3321,g,39.554601,141.155684
3322,В,39.60588,141.143152
3366,a꒬,39.318039,140.778805
3381,P蒬,39.19565,141.116224
3402,,38.986784,141.114011
3441,Zc,39.142209,141.575052
3461,ƒ,39.358655,141.899986
3482,Rc,39.467584,141.948919
3483,,39.843092,141.796697
3484,c씨,39.930306,141.888909
3485,㑺,40.005297,141.88613
3501,yĒ,40.326637,141.460599
3503,c,40.110005,141.818077
3506,ˑ,40.211372,141.418941
3507,m쒬,40.408578,141.71807
3524,˒,40.213036,141.295341
4000,{錧,38.268803,140.871846
4100,s,38.26797,140.869625
4101,st,38.269081,140.870458
4102,s{,38.266305,140.910176
4103,sы,38.244085,140.900734
4104,s,38.224364,140.877126
4105,s,38.326297,140.881287
4202,Ίs,38.434239,141.302768
4203,}s,38.314359,141.022108
4205,Cs,38.908195,141.570083
4206,Ύs,38.002155,140.619657
4207,s,38.171592,140.891849
4208,pcs,37.977162,140.781867
4209,s,38.293806,141.004333
4211,s,38.104375,140.86991
4212,oĎs,38.691819,141.187625
4213,Is,38.730144,141.021253
4214,s,38.426295,141.210413
4215,s,38.577104,140.955435
4216,xJs,38.400135,140.895388
4301,,38.09798,140.658815
4302,Ph,37.992985,140.441618
4321,͌,38.049376,140.730757
4322,c,38.118536,140.72242
4323,ēc,38.056321,140.765753
4324,蒬,38.177695,140.643535
4341,ېX,37.911337,140.765483
4361,j,38.037714,140.852692
4362,R,37.962445,140.877693
4401,,38.38011,141.067228
4404,l,38.30464,141.059327
4406,{,38.330181,140.975364
4421,a,38.437292,140.886315
4422,勽,38.424345,141.004325
4424,t,38.467392,140.880169
4444,F,38.548772,140.849891
4445,,38.571826,140.854889
4501,OJ,38.539612,141.128194
4505,,38.544332,141.056813
4581,쒬,38.449748,141.44313
4606,O,38.680666,141.462492
5000,Hc,39.718058,140.10325
5201,Hcs,39.719724,140.102417
5202,\s,40.212167,140.026568
5203,s,39.313779,140.566677
5204,َs,40.271618,140.564571
5206,js,39.886643,139.847711
5207,s,39.163968,140.494902
5209,ps,40.215799,140.788441
5210,R{s,39.38588,140.048829
5211,s,39.857288,140.013049
5212,s,39.453101,140.475451
5213,kHcs,40.226062,140.370702
5214,ɂَs,39.203114,139.907729
5215,ks,39.700022,140.731524
5303,⒬,40.332969,140.736025
5327,㏬m,40.063302,140.295716
5346,,40.278276,140.26182
5348,O풬,40.101623,140.004909
5349,,40.319082,140.03862
5361,܏ڒ,39.944144,140.111572
5363,Y,39.949421,140.073243
5366,쒬,39.914146,140.081577
5368,劃,40.017742,139.959918
5434,,39.461633,140.582127
5463,H㒬,39.198128,140.412687
5464,,39.178971,140.648773
6000,R`,38.240457,140.363278
6201,R`s,38.255429,140.339435
6202,đs,37.922151,140.116925
6203,߉s,38.727333,139.826642
6204,cs,38.914533,139.836357
6205,Vs,38.76484,140.301875
6206,͍]s,38.380996,140.276061
6207,Rs,38.149631,140.267735
6208,Rs,38.483488,140.380494
6209,s,38.107685,140.040535
6210,Vs,38.362111,140.378274
6211,s,38.431271,140.391048
6212,ԑs,38.600696,140.405762
6213,zs,38.055194,140.148305
6301,RӒ,38.289061,140.262452
6302,R,38.333224,140.283006
6321,͖k,38.42627,140.314389
6322,쒬,38.426543,140.147733
6323,,38.299056,140.145795
6324,],38.380717,140.206621
6341,Γc,38.593752,140.37271
6361,R,38.883439,140.339367
6362,ŏ㒬,38.758458,140.519356
6363,M`,38.691516,140.319931
6364,^쒬,38.857884,140.252431
6365,呠,38.704012,140.230493
6366,쑺,38.796223,140.221602
6367,ˑ,38.737617,140.143556
6381,,38.0027,140.189137
6382,쐼,38.004362,140.045817
6401,,38.061377,139.743286
6402,钬,38.182956,140.098582
6403,іL,38.045746,139.987487
6426,O쒬,38.794547,139.849693
6428,,38.84982,139.904686
6461,V,39.014802,139.907457
7000,,37.749957,140.467734
7201,s,37.760789,140.473844
7202,Îᏼs,37.494694,139.92974
7203,SRs,37.400548,140.359702
7204,킫s,37.050602,140.887726
7205,͎s,37.126326,140.210868
7207,{s,37.286672,140.372763
7208,쑽s,37.651063,139.874461
7209,ns,37.797353,140.918937
7210,{s,37.584696,140.431357
7211,cs,37.440701,140.576162
7212,쑊ns,37.642205,140.957145
7213,ɒBs,37.819023,140.562873
7214,{{s,37.513314,140.393862
7301,Kܒ,37.849391,140.516338
7303,,37.876785,140.549168
7308,얓,37.664969,140.598283
7322,ʑ,37.534422,140.371086
7342,Β,37.252785,140.3436
7344,Vh,37.255283,140.247221
7362,,37.252219,139.867254
7364,w},37.024181,139.388975
7367,,37.348583,139.315915
7368,Ò,37.200278,139.773376
7402,k,37.655787,139.937788
7405,Ò,37.587029,139.649456
7407,֒,37.56191,139.988343
7408,c㒬,37.557745,140.104721
7421,Í≺,37.56135,139.821692
7422,쑺,37.565396,139.8867
7423,Ò,37.526073,139.719481
7444,O,37.470244,139.64449
7445,R,37.453853,139.524781
7446,a,37.335813,139.61061
7447,Ô,37.459973,139.841139
7461,,37.141823,140.155316
7464,葺,37.153736,140.303296
7465,,37.148631,140.35027
7466,,37.201124,140.338602
7481,Iq,37.029757,140.379717
7482,Ւ,36.871444,140.424719
7483,,36.957267,140.409717
7484,L쑺,37.042538,140.509705
7501,ΐ쒬,37.157059,140.446947
7502,ʐ쑺,37.210847,140.408874
7503,c,37.221791,140.575871
7504,쒬,37.080863,140.412767
7505,Óa,37.089478,140.557477
7521,Ot,37.441103,140.492746
7522,쒬,37.286956,140.626352
7541,L쒬,37.214475,140.994652
7542,t,37.282632,140.99352
7543,x,37.345906,141.008881
7544,,37.337633,140.809362
7545,F,37.489767,139.92786
7546,ot,36.921861,140.800626
7547,Q],37.494582,141.000664
7548,,37.503535,140.764486
7561,Vn,37.875842,140.919385
7564,ъڑ,37.679137,140.735495
8000,錧,36.34145,140.446735
8201,ˎs,36.365725,140.471454
8202,s,36.599176,140.651597
8203,yYs,36.0784598,140.2019114
8204,É͎s,36.178826,139.755733
8205,Ήs,36.190742,140.287339
8207,s,36.305164,139.877427
8208,Ps,35.911521,140.182275
8210,Ȏs,36.184485,139.967396
8211,푍s,36.02356,139.993817
8212,헤cs,36.538346,140.530999
8214,s,36.719161,140.716644
8215,ks,36.801906,140.751224
8216,}Ԏs,36.385995,140.237559
8217,s,35.911435,140.050371
8219,vs,35.979347,140.149609
8220,Ύs,36.083442,140.0765
8221,ЂȂs,36.396501,140.534532
8222,s,35.965852,140.644965
8223,s,35.947139,140.555267
8224,Js,35.951345,139.975543
8225,헤{s,36.542428,140.410934
8226,߉ώs,36.457383,140.4867
8227,}s,36.305263,139.979417
8228,Ⓦs,36.048333,139.888798
8229,~s,35.972418,140.303503
8230,݂s,36.151828,140.237095
8231,s,36.327333,140.090519
8232,_s,35.889899,140.664618
8233,ss,35.990215,140.489078
8234,gcs,36.158695,140.516486
8235,΂݂炢s,35.962957,140.037063
8236,ʎs,36.23935,140.352581
8302,钬,36.286873,140.424684
8309,,36.312373,140.574863
8310,闢,36.479211,140.376265
8341,C,36.47291,140.56622
8364,q,36.768093,140.355285
8442,Y,36.004403,140.301845
8443,,36.030814,140.214963
8447,͓,35.884749,140.24452
8521,㒬,36.181291,139.89132
8542,܉,36.114488,139.745196
8546,,36.108546,139.794981
8564,,35.857749,140.139309
9000,Ȗ،,36.565689,139.883528
9201,Fs{s,36.55519,139.882668
9202,s,36.340231,139.44977
9203,Ȗ؎s,36.382415,139.734174
9204,s,36.314309,139.57845
9205,s,36.567102,139.74504
9206,s,36.719907,139.698196
9208,Rs,36.314577,139.800183
9209,^s,36.440124,140.012994
9210,cs,36.870767,140.015586
9211,s,36.806744,139.924181
9213,ߐ{s,36.961703,140.04608
9214,s,36.685259,139.96646
9215,ߐ{GRs,36.656851,140.151555
9216,s,36.395164,139.852073
9301,O쒬,36.439287,139.910087
9342,vq,36.467344,140.093153
9343,Ζؒ,36.532172,140.187558
9344,sL,36.54328,140.10212
9345,F꒬,36.548167,140.058068
9361,p,36.427091,139.803929
9364,ؒ,36.233167,139.740858
9384,J,36.777579,139.850578
9386,,36.631017,139.986599
9407,ߐ{,37.019753,140.120962
9411,߉ϐ쒬,36.73624,140.172796
10000,Qn,36.391192,139.060947
10201,Os,36.389276,139.063558
10202,s,36.321865,139.003565
10203,ːs,36.405168,139.330585
10204,ɐs,36.311368,139.196655
10205,cs,36.291624,139.375723
10206,cs,36.64594,139.044078
10207,ٗюs,36.244884,139.542265
10208,as,36.489484,139.000447
10209,s,36.258509,139.074588
10210,xs,36.259868,138.889968
10211,s,36.326279,138.887242
10212,݂ǂs,36.394835,139.281145
10344,Y,36.438612,138.967125
10345,g,36.44735,139.010393
10366,쑺,36.083248,138.777292
10367,_,36.115997,138.917027
10382,mc,36.2124,138.789119
10383,q,36.157572,138.711267
10384,Êy,36.242981,138.921827
10421,V,36.589886,138.841014
10424,쌴,36.552331,138.637591
10425,ڗ,36.516665,138.530295
10426,Ò,36.620656,138.596147
10428,R,36.620747,138.943532
10429,Ȓ,36.571332,138.825516
10443,Еi,36.772485,139.225193
10444,ꑺ,36.694658,139.106542
10448,a,36.63958,139.065742
10449,݂Ȃݒ,36.678991,138.999024
10464,ʑ,36.304396,139.114888
10521,q,36.222943,139.61026
10522,a,36.211326,139.534462
10523,c,36.217745,139.442498
10524,,36.247824,139.404972
10525,Wy,36.263796,139.467604
11000,ʌ,35.856907,139.648854
11100,܎s,35.861601,139.645354
11101,܎s,35.925294,139.579538
11102,܎sk,35.929981,139.620843
11103,܎s{,35.906461,139.628655
11104,܎s,35.935234,139.654483
11105,܎s,35.883894,139.626117
11106,܎s,35.857074,139.609225
11107,܎sYa,35.861601,139.645354
11108,܎s,35.84526,139.645437
11109,܎s΋,35.87131,139.683925
11110,܎s΋,35.949905,139.694194
11201,zs,35.925117,139.485837
11202,FJs,36.147334,139.388618
11203,s,35.807887,139.724071
11206,scs,36.138809,139.455751
11207,s,35.991682,139.085458
11208,s,35.799549,139.46876
11209,є\s,35.855761,139.327797
11210,{s,36.131399,139.601903
11211,{s,36.243737,139.190381
11212,Rs,36.042126,139.400011
11214,ts,35.975226,139.752478
11215,Rs,35.852986,139.412207
11216,Hs,36.17267,139.548572
11217,s,36.065905,139.522219
11218,[Js,36.197465,139.28143
11219,s,35.977443,139.593327
11221,s,35.825416,139.805396
11222,zJs,35.891072,139.79084
11223,ns,35.825633,139.679519
11224,˓cs,35.817579,139.677825
11225,Ԏs,35.835849,139.391126
11227,s,35.797274,139.593666
11228,u؎s,35.836603,139.580305
11229,as,35.781416,139.605721
11230,Vs,35.793413,139.565252
11231,s,36.005776,139.542481
11232,vs,36.062186,139.666899
11233,k{s,36.027187,139.530164
11234,s,35.822666,139.839088
11235,xms,35.856572,139.549251
11237,Os,35.830137,139.872391
11238,@cs,35.994279,139.662291
11239,ˎs,35.957274,139.403014
11240,Ks,36.078074,139.725866
11241,߃s,35.934529,139.393153
11242,s,35.907781,139.339129
11243,gs,35.891074,139.841419
11245,ӂݖs,35.879207,139.520363
11246,s,36.018997,139.676927
11301,ɓޒ,35.999998,139.623963
11324,OF,35.828241,139.526587
11326,јCR,35.941636,139.316078
11327,z,35.964522,139.294246
11341,쒬,36.065983,139.360874
11342,R,36.056596,139.320323
11343,쒬,36.05665,139.2618
11346,쓇,35.992494,139.484352
11347,g,36.039878,139.453755
11348,R,35.981576,139.33402
11349,Ƃ풬,36.008656,139.296827
11361,,35.987322,139.100151
11362,F쒬,36.070812,139.098815
11363,Ғ,36.114833,139.109894
11365,쒬,36.017095,139.008604
11369,,36.05812,139.194695
11381,,36.177076,139.181301
11383,_쒬,36.213876,139.101836
11385,㗢,36.251818,139.144776
11408,񋏒,36.118251,139.192997
11442,{㒬,36.022723,139.722489
11464,˒,36.025636,139.7367
11465,,35.925762,139.81528
12000,t,35.604588,140.123184
12100,ts,35.607224,140.106407
12101,ts,35.608976,140.124656
12102,tsԌ,35.662854,140.069047
12103,tsы,35.636275,140.10721
12104,tst,35.634113,140.155514
12105,ts΋,35.560334,140.176082
12106,tsl,35.640385,140.063132
12202,qs,35.734645,140.826694
12203,ss,35.713597,139.927903
12204,Ds,35.6946,139.982526
12205,َRs,34.996611,139.869884
12206,؍XÎs,35.381208,139.924905
12207,ˎs,35.78767,139.903168
12208,cs,35.955036,139.874829
12210,Όs,35.428361,140.287899
12211,cs,35.776627,140.318322
12212,qs,35.723825,140.223861
12213,s,35.559957,140.366105
12215,s,35.720391,140.646596
12216,Kus,35.68164,140.027341
12217,s,35.868162,139.976352
12218,Ys,35.152453,140.320979
12219,ss,35.49796,140.115548
12220,Rs,35.85619,139.902471
12221,s,35.72246,140.099819
12222,䑷qs,35.864136,140.028347
12223,s,35.114042,140.09886
12224,PJs,35.776841,140.000715
12225,NÎs,35.330647,139.902457
12226,xÎs,35.304122,139.857018
12227,Ys,35.653633,139.901561
12228,lXs,35.66994,140.168177
12229,PYs,35.42991,139.954591
12230,Xs,35.665833,140.318188
12231,󐼎s,35.832337,140.145782
12232,s,35.791592,140.056429
12233,xs,35.726744,140.34296
12234,[s,35.043187,139.840136
12235,xs,35.707864,140.564328
12236,s,35.897699,140.499245
12237,Rs,35.602813,140.413514
12238,ݎs,35.253993,140.385278
12239,Ԕs,35.52171,140.321001
12322,X䒬,35.724882,140.269552
12329,h,35.840866,140.243966
12342,_蒬,35.901558,140.405198
12347,Ò,35.735553,140.467808
12349,,35.83715,140.668786
12403,\㗢,35.535017,140.440402
12409,ŎR,35.693055,140.41426
12410,Ō,35.665562,140.504254
12421,{,35.372759,140.368778
12422,r,35.3611,140.31914
12423,,35.412198,140.354084
12424,q,35.454332,140.374358
12426,,35.430775,140.228042
12427,쒬,35.386587,140.237126
12441,命쒬,35.284852,140.245458
12443,h,35.19228,140.348614
12463,쒬,35.111012,139.835467
13000,s,35.689568,139.691717
13101,c,35.694003,139.753634
13102,,35.670766,139.772127
13103,`,35.658073,139.751546
13104,Vh,35.693984,139.703521
13105,,35.707956,139.752266
13106,䓌,35.712623,139.780015
13107,nc,35.710568,139.801707
13108,],35.673156,139.817151
13109,i,35.608967,139.730189
13110,ڍ,35.641407,139.698274
13111,c,35.561389,139.716081
13112,cJ,35.646211,139.653166
13113,aJ,35.661993,139.703713
13114,,35.707426,139.663913
13115,,35.699565,139.636499
13116,L,35.726126,139.716597
13117,k,35.752784,139.733683
13118,r,35.736178,139.78332
13119,,35.750978,139.709296
13120,n,35.735645,139.652246
13121,,35.774922,139.804592
13122,,35.743427,139.847201
13123,]ː,35.706653,139.868312
13201,qs,35.666506,139.315888
13202,s,35.713981,139.407846
13203,s,35.717867,139.566199
13204,Os,35.683315,139.559478
13205,~s,35.788185,139.274971
13206,{s,35.668954,139.477652
13207,s,35.705669,139.353523
13208,zs,35.650652,139.540926
13209,cs,35.546644,139.438562
13210,s,35.699534,139.503121
13211,s,35.728502,139.477483
13212,s,35.671396,139.394937
13213,Rs,35.754638,139.468539
13214,s,35.710948,139.462236
13215,s,35.683923,139.441461
13218,s,35.738692,139.326691
13219,]s,35.634794,139.578701
13220,as,35.745416,139.426515
13221,s,35.785775,139.52645
13222,vĎs,35.758028,139.529811
13223,Rs,35.75483,139.387407
13224,s,35.636984,139.446295
13225,s,35.638015,139.504597
13227,Hs,35.76716,139.311135
13228,s,35.729359,139.293805
13229,s,35.725754,139.538451
13303,䒬,35.772022,139.353965
13305,̏o,35.742162,139.257391
13307,w,35.72683,139.148902
13308,,35.809626,139.096322
13361,哇,34.750036,139.355689
13362,,34.529296,139.282112
13363,V,34.377045,139.257096
13364,_Ó,34.205524,139.13461
13381,O,34.075996,139.479858
13382,䑠,33.89731,139.595933
13401,䒬,33.112671,139.788911
13402,,32.466881,139.763369
13421,},27.094527,142.191804
14000,_ސ쌧,35.44771,139.642536
14100,ls,35.444155,139.637981
14101,lsߌ,35.508342,139.682614
14102,ls_ސ,35.477011,139.629425
14103,ls,35.45357,139.616927
14104,ls,35.444432,139.643231
14105,ls,35.434423,139.627509
14106,lsۓyPJ,35.459986,139.59604
14107,lsq,35.402328,139.618761
14108,ls,35.337475,139.624539
14109,ls`k,35.51898,139.633035
14110,ls˒ˋ,35.400013,139.533482
14111,ls`,35.400795,139.592511
14112,ls,35.474733,139.544794
14113,ls΋,35.512395,139.538072
14114,lsJ,35.466345,139.499021
14115,lsh,35.364331,139.5541
14116,ls,35.417851,139.488689
14117,lst,35.552807,139.537238
14118,lss},35.544781,139.570624
14130,s,35.530811,139.703029
14131,s,35.529394,139.703279
14132,sK,35.544337,139.687585
14133,s,35.576221,139.655753
14134,sË,35.599412,139.608035
14135,s,35.61963,139.56201
14136,s{O,35.58919,139.578649
14137,s,35.603772,139.505877
14150,͌s,35.571407,139.37322
14151,͌s΋,35.595639,139.33759
14152,͌s,35.571384,139.373246
14153,͌s,35.530297,139.430195
14201,{s,35.281479,139.672117
14203,ˎs,35.335607,139.349559
14204,qs,35.319225,139.546795
14205,s,35.339139,139.491383
14206,cs,35.264669,139.152275
14207,s,35.333831,139.404637
14208,qs,35.295589,139.580236
14210,OYs,35.144159,139.620623
14211,`s,35.374766,139.220154
14212,؎s,35.443095,139.36253
14213,as,35.487478,139.458022
14214,ɐs,35.402876,139.314951
14215,CVs,35.446429,139.390751
14216,Ԏs,35.488563,139.407609
14217,쑫s,35.320547,139.099861
14218,s,35.437097,139.426831
14301,tR,35.272008,139.586346
14321,쒬,35.372964,139.384278
14341,钬,35.306917,139.311286
14342,{,35.299555,139.255347
14361,䒬,35.330716,139.218877
14362,䒬,35.326465,139.156049
14363,c,35.348323,139.139494
14364,Rk,35.360596,139.083861
14366,J,35.336435,139.123219
14382,,35.232394,139.106837
14383,^ߒ,35.158348,139.137283
14384,͌,35.147874,139.108342
14401,쒬,35.528918,139.321561
14402,쑺,35.482644,139.276064
15000,V,37.902238,139.023531
15100,Vs,37.916098,139.036363
15101,Vsk,37.916243,139.218588
15102,Vs,37.924871,139.092591
15103,Vs,37.922505,139.043278
15104,Vs],37.867646,139.093983
15105,VsHt,37.788506,139.114632
15106,Vs,37.765785,139.019127
15107,Vs,37.874204,138.972006
15108,Vs,37.760464,138.889284
15202,s,37.446452,138.851105
15204,Os,37.636351,138.961577
15205,s,37.37193,138.558738
15206,Vcs,37.947924,139.327149
15208,Js,37.315274,138.794996
15209,Ύs,37.666321,139.040179
15210,\s,37.12749,138.75559
15211,s,37.531418,138.912669
15212,s,38.224045,139.479992
15213,s,37.673249,138.881898
15216,s,37.038977,137.862707
15217,s,37.026018,138.254197
15218,ܐs,37.744566,139.182467
15222,zs,37.147919,138.236138
15223,s,37.834361,139.225877
15224,ns,38.018177,138.368259
15225,s,37.23012,138.961511
15226,싛s,37.065527,138.876025
15227,ٓs,38.05973,139.410344
15307,Ē,37.974513,139.274477
15342,F,37.691034,138.855143
15361,c㒬,37.698688,139.057892
15385,꒬,37.675635,139.458696
15405,o_蒬,37.530717,138.709385
15461,,36.933985,138.817451
15482,Ó쒬,37.014252,138.652575
15504,H,37.422119,138.622508
15581,֐쑺,38.089397,139.564995
15586,Y,38.468237,139.254435
16000,xR,36.69519,137.211341
16201,xRs,36.695801,137.213618
16202,s,36.754151,137.025997
16204,Îs,36.827376,137.409012
16205,Xs,36.855974,136.972874
16206,s,36.764436,137.341216
16207,s,36.871446,137.44806
16208,vgs,36.647497,136.962091
16209,s,36.675436,136.868655
16210,vs,36.587893,136.919292
16211,ːs,36.730463,137.075475
16321,M,36.703553,137.307387
16322,s,36.698389,137.362577
16323,R,36.663335,137.313638
16342,P,36.933557,137.502191
16343,,36.946309,137.559958
17000,ΐ쌧,36.594652,136.625725
17201,s,36.560944,136.656763
17202,s,37.04314,136.967326
17203,s,36.408595,136.445646
17204,֓s,37.390542,136.899148
17205,Fs,37.436408,137.260336
17206,s,36.302802,136.314941
17207,Hs,36.893682,136.77899
17209,قs,36.719954,136.706615
17210,Rs,36.514421,136.565522
17211,\s,36.446902,136.554183
17212,Xss,36.5199,136.609399
17324,k,36.468843,136.54197
17361,Ô,36.66871,136.728336
17365,咬,36.65346,136.645039
17384,u꒬,37.006278,136.778068
17386,Bu,36.862742,136.797629
17407,\o,36.988894,136.901529
17461,,37.231005,136.912432
17463,\o,37.306532,137.150074
18000,䌧,36.065244,136.221791
18201,s,36.064189,136.219374
18202,։s,35.645325,136.055546
18204,ls,35.495587,135.746658
18205,s,35.98051,136.487599
18206,Rs,36.060864,136.500653
18207,I]s,35.956591,136.184493
18208,s,36.211465,136.229074
18209,zOs,35.903404,136.169024
18210,s,36.166816,136.231704
18322,i,36.092248,136.298785
18382,rc,35.890325,136.344173
18404,zO,35.83508,136.194496
18423,zO,35.974166,136.129775
18442,l,35.600607,135.940615
18481,l,35.487904,135.545969
18483,,35.481143,135.617862
18501,ዷ,35.548946,135.908201
19000,R,35.663935,138.568379
19201,b{s,35.662025,138.56825
19202,xmgcs,35.487407,138.808029
19204,ss,35.550791,138.905767
19205,Rs,35.693341,138.687344
19206,匎s,35.610562,138.940011
19207,Bs,35.708816,138.446307
19208,AvXs,35.608358,138.465057
19209,kms,35.77607,138.4235
19210,bs,35.660712,138.515829
19211,Js,35.647187,138.639847
19212,쌴s,35.631286,139.109437
19213,bBs,35.704286,138.729424
19214,s,35.599637,138.517275
19346,sO,35.565377,138.502211
19364,쒬,35.41263,138.363155
19365,g,35.467819,138.44255
19366,암,35.242282,138.486692
19368,xm쒬,35.561197,138.461308
19384,a,35.627967,138.535106
19422,u,35.528129,139.033484
19423,j,35.524154,138.846969
19424,E쑺,35.460106,138.847775
19425,RΑ,35.410641,138.860941
19429,,35.481378,138.706623
19430,xm͌Β,35.501127,138.76506
19442,,35.760293,138.940286
19443,OgR,35.789735,138.922259
20000,쌧,36.65131,138.180991
20201,s,36.648533,138.194295
20202,{s,36.237907,137.971994
20203,cs,36.40195,138.249074
20204,Js,36.066931,138.049384
20205,ѓcs,35.514717,137.821838
20206,zKs,36.039158,138.114017
20207,{s,36.651175,138.306783
20208,s,36.326852,138.426036
20209,ɓߎs,35.82743,137.953982
20210,s,35.72883,137.933932
20211,s,36.742027,138.369497
20212,咬s,36.502925,137.850944
20213,юRs,36.851652,138.365522
20214,s,35.995498,138.158765
20215,Ks,36.11495,137.953612
20217,vs,36.248779,138.477005
20218,Ȏs,36.533821,138.119947
20219,s,36.359401,138.33043
20220,ܖs,36.303933,137.905755
20303,C,36.095041,138.483639
20304,㑺,35.975423,138.578285
20305,q,36.020888,138.492151
20306,쑊ؑ,36.036101,138.546911
20307,kؑ,36.059191,138.5512
20309,v䒬,36.160984,138.483396
20321,y,36.348382,138.597046
20323,c,36.321244,138.508778
20324,Ȓ,36.27205,138.316019
20349,ؑ,36.369979,138.128614
20350,a,36.256745,138.268635
20361,zK,36.069446,138.080155
20362,xm,35.914593,138.240762
20363,,35.96435,138.217418
20382,C쒬,35.982412,137.987586
20383,֒,35.915003,137.98195
20384,ѓ,35.676614,137.920352
20385,얥֑,35.872903,137.97502
20386,쑺,35.634536,137.945963
20388,{c,35.76891,137.94429
20402,쒬,35.597236,137.909716
20403,X,35.551491,137.87847
20404,쒬,35.323629,137.81618
20407,q,35.443835,137.747404
20409,J,35.323352,137.630186
20410,H,35.253102,137.581202
20411,,35.397341,137.785959
20412,ؑ,35.27116,137.711107
20413,V,35.276357,137.854289
20414,ו,35.377306,137.845837
20415,ؑ,35.513829,137.87386
20416,Lu,35.551436,137.895774
20417,厭,35.578047,138.034597
20422,㏼,35.784012,137.694146
20423,ؑ],35.603644,137.608913
20425,ؑc,35.936356,137.783159
20429,ꑺ,35.809339,137.551133
20430,K,35.682858,137.664959
20432,ؑ],35.842061,137.691334
20446,ё,36.456161,138.045175
20448,⑺,36.425242,137.927571
20450,R`,36.168057,137.878935
20451,,36.123586,137.86623
20452,}k,36.402762,138.011764
20481,rc,36.421271,137.874638
20482,쑺,36.424113,137.85455
20485,n,36.698266,137.862105
20486,J,36.779064,137.908322
20521,钬,36.461831,138.180134
20541,z{,36.697725,138.312171
20543,R,36.679784,138.363166
20561,Rm,36.744611,138.412604
20562,ؓ,36.858486,138.406712
20563,򉷐,36.922812,138.440568
20583,MZ,36.80632,138.207041
20588,쑺,36.617001,137.974541
20590,эj,36.754938,138.235622
20602,h,36.987503,138.577416
21000,򕌌,35.391199,136.722168
21201,򕌎s,35.423362,136.760801
21202,_s,35.359367,136.612847
21203,Rs,36.145926,137.252289
21204,s,35.332744,137.132074
21205,֎s,35.495774,136.917895
21206,Ðs,35.487545,137.50062
21207,Zs,35.544739,136.907451
21208,Qs,35.361801,137.254478
21209,Hs,35.319956,136.703311
21210,bߎs,35.449264,137.412858
21211,ZΎs,35.440701,137.016386
21212,ys,35.352494,137.183291
21213,es,35.39881,136.848542
21214,s,35.425953,137.061022
21215,Rs,35.506045,136.781296
21216,s,35.391837,136.690895
21217,ˎs,36.238191,137.186128
21218,{s,35.483046,136.678798
21219,Ss,35.748608,136.964382
21220,Cs,35.805887,137.244186
21221,CÎs,35.220578,136.63657
21302,쒬,35.389616,136.782771
21303,},35.367201,136.763247
21341,{V,35.308288,136.561438
21361,䒬,35.370225,136.527024
21362,փP,35.361531,136.469587
21381,_˒,35.417471,136.608625
21382,֔V,35.285043,136.637457
21383,,35.335398,136.665425
21401,K쒬,35.486905,136.568044
21403,쒬,35.470658,136.627621
21404,rc,35.442245,136.573017
21421,k,35.435676,136.6844
21501,j,35.426728,136.985333
21502,x,35.484777,136.979612
21503,Ӓ,35.486531,137.070574
21504,@,35.543748,137.119902
21505,SÒ,35.476007,137.141652
21506,쒬,35.582106,137.188365
21507,쑺,35.642519,137.323795
21521,䐓,35.4344,137.130709
21604,쑺,36.27093,136.89855
22000,É,34.976906,138.383023
22100,És,34.975045,138.383717
22101,És,34.975045,138.383717
22102,Ésx͋,34.960849,138.404283
22103,És,35.015654,138.48968
22130,ls,34.710837,137.726759
22131,ls,34.710837,137.726759
22132,ls,34.741325,137.791772
22133,ls,34.69271,137.645317
22134,ls,34.667333,137.7523
22135,lsk,34.806193,137.651023
22136,lslk,34.791628,137.783281
22137,lsV,34.872643,137.816283
22203,Îs,35.095623,138.863475
22205,MCs,35.096073,139.071651
22206,Os,35.118483,138.918636
22207,xm{s,35.222159,138.621329
22208,ɓs,34.965756,139.10193
22209,cs,34.836308,138.176046
22210,xms,35.161362,138.676352
22211,֓cs,34.717897,137.851496
22212,ĒÎs,34.867056,138.323169
22213,|s,34.768675,137.998516
22214,}s,34.867444,138.257761
22215,as,35.308709,138.934881
22216,܈s,34.750229,137.924849
22219,cs,34.679497,138.945365
22220,s,35.173976,138.906748
22221,ΐs,34.718551,137.531723
22222,ɓs,34.976555,138.946831
22223,Os,34.638053,138.128057
22224,es,34.757646,138.084198
22225,ɓ̍s,35.027771,138.928971
22226,qVs,34.739959,138.224707
22301,ɓ,34.772769,139.041247
22302,͒Ò,34.757074,138.987474
22304,ɓ,34.651089,138.858533
22305,蒬,34.752933,138.778737
22306,ɓ,34.771682,138.775264
22325,쒬,35.089055,138.953205
22341,,35.099095,138.902861
22342,,35.137786,138.897083
22344,R,35.360093,138.987345
22424,gc,34.7709,138.252012
22429,썪{,35.046919,138.081691
22461,X,34.835579,137.92718
23000,m,35.180198,136.906739
23100,És,35.181754,136.906489
23101,És,35.166453,136.946403
23102,És,35.179311,136.926071
23103,Ésk,35.194141,136.911683
23104,És,35.189309,136.890147
23105,És,35.168699,136.872965
23106,És,35.168673,136.910323
23107,Ésa,35.150204,136.934044
23108,És,35.131651,136.934933
23109,ÉsMc,35.128537,136.91023
23110,És,35.141591,136.855079
23111,És`,35.107763,136.885605
23112,És,35.09501,136.931299
23113,ÉsR,35.203282,136.976538
23114,És΋,35.070796,136.95232
23115,És,35.175897,137.010147
23116,ÉsV,35.12232,136.975846
23201,Ls,34.769207,137.39151
23202,s,34.954845,137.173023
23203,{s,35.304126,136.802465
23204,ˎs,35.223449,137.084082
23205,cs,34.892401,136.937827
23206,ts,35.247496,136.972176
23207,Ls,34.826811,137.375869
23208,Ós,35.177112,136.741311
23209,ɓs,34.884848,136.993655
23210,Js,34.988946,137.002179
23211,Lcs,35.083386,137.156412
23212,s,34.957841,137.079616
23213,s,34.862491,137.062483
23214,Ss,34.826389,137.21966
23215,Rs,35.378621,136.944144
23216,튊s,34.886567,136.832422
23217,]s,35.332125,136.870875
23219,qs,35.290324,136.910908
23220,s,35.248049,136.780304
23221,Vs,34.899251,137.498495
23222,Cs,35.022995,136.902382
23223,{s,35.012247,136.963182
23224,ms,34.996635,136.864583
23225,ms,35.001279,137.050646
23226,s,35.216504,137.035282
23227,ls,34.927593,136.987626
23228,qs,35.279936,136.871433
23229,Ls,35.053774,137.012789
23230,is,35.131987,137.039423
23231,cs,34.669011,137.263529
23232,s,35.15301,136.728508
23233,{s,35.199833,136.852883
23234,kÉs,35.245579,136.865963
23235,xs,35.110003,136.724704
23236,݂悵s,35.089771,137.074503
23237,܎s,35.200526,136.783584
23238,vs,35.184092,137.048642
23302,,35.096797,137.052588
23342,LR,35.250801,136.912125
23361,,35.332429,136.907789
23362,}K,35.359235,136.913102
23424,厡,35.175419,136.820692
23425,I],35.132397,136.786854
23427,򓇑,35.0788,136.7913
23441,v䒬,34.932591,136.915607
23442,Y,34.977113,136.965654
23445,m,34.715197,136.929833
23446,l,34.778939,136.908195
23447,L,34.851264,136.914859
23501,Kc,34.864577,137.165666
23561,݊y,35.097237,137.571438
23562,h,35.07693,137.697833
23563,L,35.146451,137.719719
24000,Od,34.730268,136.508594
24201,Îs,34.718576,136.505511
24202,lss,34.965051,136.624385
24203,ɐs,34.487442,136.709333
24204,s,34.578009,136.527487
24205,Ks,35.062152,136.683822
24207,鎭s,34.882084,136.584084
24208,s,34.627548,136.108334
24209,hs,34.070807,136.191029
24210,TRs,34.855752,136.451598
24211,Hs,34.481279,136.843517
24212,Fs,33.888548,136.100206
24214,Ȃ׎s,35.115701,136.561498
24215,us,34.328144,136.829696
24216,ɉs,34.76859,136.12991
24303,ؑ],35.075819,136.731067
24324,,35.074176,136.583636
24341,Ԗ쒬,35.020164,136.507683
24343,,35.034126,136.66438
24344,z,35.026794,136.670907
24441,C,34.496075,136.546154
24442,a,34.547709,136.623479
24443,䒬,34.393454,136.408588
24461,ʏ钬,34.490133,136.630924
24470,x,34.43959,136.621358
24471,I,34.358033,136.415947
24472,ɐ,34.351901,136.703978
24543,Ik,34.109218,136.231384
24561,l,33.814305,136.048766
24562,I,33.733839,136.009609
25000,ꌧ,35.004394,135.868292
25201,Îs,35.017754,135.85471
25202,Fs,35.274344,136.25975
25203,ls,35.380595,136.278249
25204,ߍ]s,35.128327,136.0981
25206,Îs,35.01295,135.959949
25207,Rs,35.058861,135.994445
25208,Is,35.021561,135.998112
25209,bs,34.966069,136.167153
25210,Fs,35.067417,136.025859
25211,Γs,35.004091,136.084853
25212,s,35.352996,136.036385
25213,ߍ]s,35.112691,136.207839
25214,Čs,35.31534,136.283996
25383,쒬,35.018029,136.246187
25384,,35.060725,136.124515
25425,,35.168797,136.212339
25441,L,35.200407,136.229949
25442,bǒ,35.204241,136.261391
25443,꒬,35.221989,136.292276
26000,s{,35.021279,135.755635
26100,ss,35.011641,135.76819
26101,ssk,35.040972,135.754247
26102,ss㋞,35.029592,135.756639
26103,ss,35.048569,135.778548
26104,ss,35.01003,135.751414
26105,ssR,34.996976,135.776384
26106,ss,34.987588,135.755498
26107,ss,34.976616,135.746526
26108,ssE,35.010191,135.716095
26109,ss,34.936033,135.761421
26110,ssRȋ,34.972369,135.813713
26111,ss,34.985004,135.693308
26201,mRs,35.296658,135.12638
26202,ߎs,35.474724,135.38613
26203,s,35.298966,135.258729
26204,Fs,34.884432,135.799771
26205,{Îs,35.535437,135.195508
26206,Ts,35.013472,135.573734
26207,zs,34.853047,135.779912
26208,s,34.948674,135.698279
26209,s,34.926704,135.695418
26210,s,34.875544,135.70764
26211,cӎs,34.814467,135.76772
26212,Os,35.624176,135.061044
26213,Os,35.107423,135.470038
26214,ؒÐs,34.736836,135.820827
26303,R蒬,34.90279,135.688502
26322,vR,34.881349,135.73286
26343,蒬,34.798608,135.803244
26344,Fc,34.852686,135.856849
26364,}u,34.760419,135.939483
26365,a,34.795693,135.904958
26366,ؒ,34.760805,135.785913
26367,R鑺,34.772725,135.993756
26407,Og,35.164345,135.423188
26463,ɍ,35.674891,135.272634
26465,^Ӗ쒬,35.565294,135.152872
27000,{,34.686394,135.519994
27100,s,34.693837,135.502135
27102,ss,34.701337,135.528105
27103,s,34.691448,135.472637
27104,sԋ,34.683032,135.452222
27106,s,34.676283,135.486025
27107,s`,34.66384,135.460722
27108,s吳,34.650231,135.472722
27109,sV,34.657814,135.519523
27111,sQ,34.659464,135.499291
27113,s,34.711334,135.456083
27114,s,34.741221,135.529437
27115,s,34.670035,135.541187
27116,s,34.653537,135.534577
27117,s,34.721307,135.544269
27118,s铌,34.703199,135.544812
27119,s{,34.638705,135.518579
27120,sZg,34.603672,135.500636
27121,sZg,34.622012,135.5268
27122,s,34.634901,135.494311
27123,s,34.721024,135.486712
27124,sߌ,34.704393,135.574211
27125,sZV],34.609513,135.48275
27126,s,34.621231,135.546309
27127,sk,34.705475,135.510078
27128,s,34.681172,135.509801
27140,s,34.573684,135.482861
27141,s,34.573684,135.482861
27142,s,34.528229,135.498854
27143,s,34.538384,135.5364
27144,s,34.534695,135.463896
27145,s,34.486523,135.490506
27146,sk,34.565508,135.517114
27147,s,34.538716,135.560744
27202,ݘacs,34.460361,135.371068
27203,Ls,34.781243,135.469913
27204,rcs,34.821599,135.428472
27205,cs,34.759413,135.516826
27206,Îs,34.504329,135.410342
27207,Ύs,34.846017,135.617288
27208,Lˎs,34.437642,135.358514
27209,s,34.735811,135.561724
27210,s,34.814493,135.650841
27211,؎s,34.816352,135.568515
27212,s,34.626847,135.600877
27213,򍲖s,34.406783,135.327352
27214,xcюs,34.499194,135.597158
27215,Qs,34.766137,135.628066
27216,͓s,34.458186,135.563937
27217,s,34.577906,135.551744
27218,哌s,34.712004,135.623373
27219,as,34.483554,135.423618
27220,ʎs,34.82696,135.470468
27221,s,34.579269,135.628654
27222,Hgs,34.557882,135.606212
27223,^s,34.739334,135.587598
27224,ےÎs,34.777079,135.562072
27225,Ύs,34.520661,135.442338
27226,䎛s,34.574574,135.597434
27227,s,34.679472,135.600893
27228,s,34.365899,135.273494
27229,ls,34.740112,135.639482
27230,s,34.787968,135.680033
27231,㋷Rs,34.503609,135.55555
27232,s,34.359538,135.239609
27301,{,34.88393,135.662811
27321,L\,34.918981,135.49402
27322,\,34.972447,135.414221
27341,,34.486914,135.401204
27361,F撬,34.401257,135.356042
27362,cK,34.393729,135.291159
27366,,34.316874,135.142256
27381,q,34.518581,135.647986
27382,͓쒬,34.491612,135.629738
27383,瑁ԍ㑺,34.464531,135.6226
28000,Ɍ,34.691304,135.182995
28100,_ˎs,34.69011,135.195466
28101,_ˎs,34.720136,135.265571
28102,_ˎs,34.712362,135.239351
28105,_ˎsɋ,34.680528,135.165302
28106,_ˎsc,34.665418,135.150859
28107,_ˎs{,34.658588,135.133724
28108,_ˎs,34.630643,135.056979
28109,_ˎsk,34.727217,135.144442
28110,_ˎs,34.695082,135.197799
28111,_ˎs,34.683164,134.981596
28201,PHs,34.815368,134.685485
28202,s,34.733359,135.406392
28203,Ύs,34.643085,134.997512
28204,{s,34.737829,135.341897
28205,F{s,34.342534,134.895611
28206,s,34.726913,135.304289
28207,ɒOs,34.784242,135.400808
28208,s,34.803617,134.468147
28209,Ls,35.544486,134.820095
28210,Ðs,34.756755,134.841241
28212,ԕs,34.754898,134.390267
28213,es,34.993355,134.969344
28214,ˎs,34.799961,135.360367
28215,O؎s,34.796707,134.990066
28216,s,34.765904,134.79053
28217,쐼s,34.830042,135.417111
28218,s,34.853173,134.931543
28219,Ocs,34.889535,135.225351
28220,s,34.927858,134.841886
28221,Rs,35.075741,135.219237
28222,{s,35.40464,134.767493
28223,Ogs,35.177144,135.035889
28224,삠킶s,34.294422,134.779869
28225,s,35.339676,134.85307
28226,WHs,34.439819,134.914238
28227,s,35.004417,134.549466
28228,s,34.917362,134.973484
28229,̎s,34.857918,134.545415
28301,쒬,34.894981,135.376087
28365,,35.050126,134.923347
28381,,34.748683,134.913597
28382,d,34.715215,134.868133
28442,s쒬,34.989434,134.763169
28443,蒬,34.950243,134.76017
28446,_͒,35.06426,134.739392
28464,q,34.833281,134.572213
28481,S,34.87358,134.356017
28501,p,35.004287,134.355901
28585,,35.632186,134.629178
28586,V,35.623444,134.449266
29000,ޗǌ,34.685231,135.832883
29201,ޗǎs,34.685064,135.80483
29202,acs,34.514887,135.73645
29203,aSRs,34.649345,135.782777
29204,Vs,34.596602,135.83719
29205,s,34.509278,135.792556
29206,s,34.518694,135.843191
29207,ܞs,34.352044,135.693735
29208,䏊s,34.463366,135.740201
29209,s,34.691924,135.700422
29210,Ŏs,34.541244,135.699008
29211,s,34.489196,135.726507
29212,FɎs,34.528062,135.952722
29322,RY,34.681319,136.043894
29342,Q,34.629151,135.700617
29343,O,34.600126,135.695563
29344,,34.608876,135.730643
29345,g,34.606571,135.756697
29361,쐼,34.584324,135.774057
29362,O,34.573687,135.773141
29363,c{,34.556661,135.795028
29385,],34.510647,136.124586
29386,,34.487928,136.165998
29401,撬,34.449508,135.793058
29402,,34.471228,135.820583
29424,q,34.562686,135.71659
29425,,34.594655,135.706812
29426,L˒,34.542773,135.750921
29427,͍,34.578442,135.736527
29441,g쒬,34.396042,135.857637
29442,嗄,34.390653,135.789837
29443,s,34.361073,135.791977
29444,ꑺ,34.30919,135.852222
29446,V쑺,34.241892,135.855305
29447,씗쑺,34.166232,135.632993
29449,\Ð쑺,33.988503,135.792481
29450,kR,34.005087,135.955244
29451,kR,34.134295,136.000155
29452,㑺,34.338246,135.954325
29453,g쑺,34.403488,135.968212
30000,a̎R,34.225994,135.16745
30201,a̎Rs,34.230411,135.17081
30202,Cs,34.15556,135.209142
30203,{s,34.314658,135.605215
30204,Lcs,34.083012,135.127762
30205,Vs,33.891397,135.152374
30206,cӎs,33.728003,135.37769
30207,V{s,33.724121,135.992493
30208,I̐s,34.26966,135.362598
30209,os,34.2563,135.311187
30304,I쒬,34.167033,135.308106
30341,炬,34.296298,135.504058
30343,xR,34.287244,135.56222
30344,쒬,34.216168,135.586552
30361,,34.029403,135.190444
30362,L쒬,34.029993,135.173064
30366,Lc쒬,34.057463,135.216198
30381,l,33.893647,135.13332
30382,,33.925643,135.140875
30383,Rǒ,33.959306,135.118376
30390,쒬,33.819617,135.222631
30391,݂Ȃג,33.772413,135.321528
30392,쒬,33.911674,135.185982
30401,l,33.678175,135.348165
30404,xc,33.69623,135.428908
30406,ݒ,33.550193,135.496706
30421,ߒqY,33.626077,135.940916
30422,n,33.594053,135.943945
30424,Í쒬,33.53192,135.814819
30427,kR,33.932068,135.969409
30428,{,33.472536,135.781375
31000,挧,35.503704,134.238174
31201,s,35.501037,134.235175
31202,Ďqs,35.428085,133.331006
31203,qgs,35.430037,133.825602
31204,`s,35.539627,133.231594
31302,,35.575809,134.33197
31325,,35.339725,134.401441
31328,q,35.26512,134.226571
31329,,35.409048,134.250843
31364,O,35.408513,133.862489
31370,l,35.489892,133.864792
31371,ՉY,35.495333,133.692809
31372,kh,35.490029,133.758469
31384,gÑ,35.440279,133.38053
31386,R,35.510689,133.495934
31389,암,35.340343,133.326704
31390,˒,35.385257,133.407389
31401,쒬,35.163716,133.305776
31402,쒬,35.24083,133.44278
31403,]{,35.283159,133.488553
32000,,35.472212,133.05053
32201,]s,35.468101,133.04853
32202,lcs,34.899238,132.079916
32203,o_s,35.367035,132.754682
32204,vcs,34.674978,131.842745
32205,cs,35.192209,132.499623
32206,s,35.431611,133.250845
32207,]Îs,35.011395,132.220986
32209,_s,35.307735,132.900317
32343,o_,35.197465,133.002512
32386,ѓ쒬,35.000035,132.713874
32441,{,34.995242,132.495794
32448,,35.076696,132.591201
32449,W쒬,34.893966,132.437803
32501,Øa쒬,34.543666,131.838445
32505,g꒬,34.353543,131.93508
32525,Cm,36.096535,133.096894
32526,m,36.093199,132.994347
32527,mv,36.014181,133.039791
32528,B̓,36.209138,133.321897
33000,R,34.661759,133.934894
33100,Rs,34.655093,133.919813
33101,Rsk,34.655093,133.919813
33102,Rs,34.670837,133.943148
33103,Rs,34.651357,134.029498
33104,Rs,34.599768,133.919566
33202,q~s,34.585041,133.772048
33203,ÎRs,35.069329,134.004376
33204,ʖs,34.491945,133.945898
33205,}s,34.507077,133.507296
33207,䌴s,34.597708,133.46377
33208,Ўs,34.672837,133.746548
33209,s,34.79138,133.616749
33210,Vs,34.977135,133.470287
33211,Os,34.745089,134.18809
33212,˓s,34.664845,134.092823
33213,Ԕ֎s,34.755335,134.018856
33214,^s,35.075623,133.752708
33215,s,35.008477,134.148725
33216,s,34.52788,133.584901
33346,aC,34.802887,134.157564
33423,,34.600652,133.828348
33445,,34.513715,133.556877
33461,|,34.627621,133.58712
33586,V,35.179449,133.567881
33606,쒬,35.091825,133.933076
33622,,35.041862,134.116115
33623,ދ`,35.123049,134.17758
33643,q,35.171325,134.336397
33663,vē쒬,34.929231,133.960828
33666,璬,34.997892,133.958244
33681,g,34.862402,133.693797
34000,L,34.396271,132.459369
34100,Ls,34.385216,132.45537
34101,Ls,34.386188,132.455203
34102,Ls,34.395299,132.482617
34103,Ls,34.379884,132.469147
34104,Ls,34.39391,132.434454
34105,Ls,34.451933,132.471588
34106,Lsk,34.518259,132.507722
34107,Ls|,34.371747,132.525559
34108,Ls,34.364551,132.360875
34202,s,34.24904,132.565945
34203,|s,34.341758,132.906966
34204,Os,34.397419,133.078668
34205,s,34.408892,133.204994
34207,Rs,34.485857,133.362365
34208,{s,34.568346,133.236401
34209,Os,34.805701,132.851737
34210,s,34.857809,133.016552
34211,|s,34.237924,132.222309
34212,Ls,34.426802,132.743592
34213,ss,34.348607,132.331519
34214,|cs,34.666299,132.703954
34215,]cs,34.174958,132.462174
34302,{,34.392467,132.50431
34304,Cc,34.372164,132.536224
34307,F쒬,34.33592,132.584387
34309,⒬,34.341445,132.513783
34368,|c,34.576747,132.227049
34369,kL,34.674491,132.538219
34431,㓇,34.269573,132.915216
34462,,34.586824,133.0565
34545,_΍,34.703691,133.247841
35000,R,34.185859,131.471401
35201,֎s,33.957844,130.94134
35202,Fs,33.951517,131.246677
35203,Rs,34.178332,131.473901
35204,s,34.408113,131.399207
35206,h{s,34.051817,131.562759
35207,s,34.014996,131.870261
35208,⍑s,34.166903,132.219756
35210,s,33.961782,131.942229
35211,s,34.370973,131.18228
35212,s,33.963786,132.101661
35213,Is,34.166632,131.205675
35215,s,34.055296,131.806183
35216,Rzcs,34.003177,131.181847
35305,h哇,33.92843,132.195709
35321,aؒ,34.202233,132.220171
35341,֒,33.830884,132.110717
35343,cz{,33.954647,132.041359
35344,,33.937955,132.073302
35502,,34.504076,131.470782
36000,,34.065728,134.559484
36201,s,34.070172,134.554735
36202,s,34.172078,134.609339
36203,s,34.004708,134.590593
36204,s,33.921747,134.659557
36205,gs,34.066365,134.358587
36206,gs,34.102184,134.297304
36207,ns,34.053336,134.169855
36208,ODs,34.025863,133.807252
36301,Y,33.931438,134.511379
36302,㏟,33.888945,134.40189
36321,߉͓,33.993152,134.453327
36341,Έ䒬,34.074725,134.440579
36342,_R,33.967237,134.350533
36368,߉꒬,33.857461,134.496466
36383,,33.668195,134.420722
36387,g,33.734575,134.535515
36388,Cz,33.602065,134.352035
36401,Β,34.133915,134.580231
36402,k,34.125527,134.546928
36403,Z,34.126471,134.495601
36404,쒬,34.144246,134.462604
36405,,34.121414,134.404999
36468,邬,34.037282,134.064032
36489,݂悵,34.037141,133.936709
37000,쌧,34.34016,134.04339
37201,s,34.342798,134.046668
37202,ۋTs,34.289386,133.797636
37203,os,34.31641,133.860518
37204,Pʎs,34.228449,133.78711
37205,ωs,34.127426,133.661291
37206,ʂs,34.325278,134.172078
37207,s,34.243733,134.358834
37208,OLs,34.146824,133.694881
37322,y,34.485977,134.185681
37324,,34.479666,134.309007
37341,Oؒ,34.268364,134.134493
37364,,34.460006,133.995617
37386,FÒ,34.310495,133.825437
37387,쒬,34.249502,133.923127
37403,Օ,34.191481,133.82333
37404,xÒ,34.272443,133.753696
37406,܂̂,34.192342,133.841357
38000,Q,33.841646,132.766103
38201,Rs,33.839201,132.765575
38202,s,34.066041,132.997663
38203,Fas,33.223212,132.560493
38204,ls,33.462903,132.423333
38205,Vls,33.960283,133.283276
38206,s,33.919563,133.181227
38207,Fs,33.506291,132.544656
38210,ɗ\s,33.757459,132.703831
38213,ls,33.980757,133.549278
38214,\s,33.363,132.511023
38215,s,33.791098,132.871871
38356,㓇,34.257522,133.20444
38386,v,33.655644,132.901701
38401,O,33.787512,132.711497
38402,u,33.749268,132.792211
38422,q,33.532903,132.658074
38442,ɕ,33.488204,132.354115
38484,쒬,33.227189,132.710896
38488,Sk,33.255796,132.684092
38506,쒬,32.962436,132.583745
39000,m,33.559753,133.531115
39201,ms,33.558781,133.531337
39202,ˎs,33.289934,134.152023
39203,|s,33.502379,133.907163
39204,썑s,33.575531,133.641465
39205,ys,33.49598,133.425375
39206,{s,33.400684,133.282972
39208,hюs,32.938888,132.726205
39209,ys,32.781496,132.954966
39210,l\s,32.991639,132.933935
39211,s,33.564117,133.700516
39212,s,33.603834,133.686184
39301,m,33.527962,134.280071
39302,ޔ,33.423614,134.021039
39303,c쒬,33.427669,134.008234
39304,c,33.438445,133.981182
39305,k쑺,33.44786,134.042147
39306,nH,33.555486,134.04848
39307,|,33.526928,133.809061
39341,{R,33.756979,133.591525
39344,L,33.764257,133.664269
39363,y,33.737396,133.532502
39364,쑺,33.783695,133.466619
39386,̒,33.548668,133.427792
39387,m쒬,33.575325,133.168232
39401,y,33.327414,133.22823
39402,쒬,33.500838,133.286721
39403,zm,33.532889,133.252057
39405,,33.391999,132.927288
39410,,33.534724,133.37338
39411,Ö쒬,33.446566,133.199399
39412,l\,33.211656,133.137084
39424,匎,32.841481,132.70699
39427,O,32.90609,132.84725
39428,,33.024861,133.010927
40000,,33.606261,130.418114
40100,kBs,33.883406,130.875179
40101,kBsi,33.941207,130.959698
40103,kBsᏼ,33.905486,130.811184
40105,kBs˔,33.894654,130.829377
40106,kBsqk,33.88074,130.87368
40107,kBsq,33.84641,130.884708
40108,kBs,33.863546,130.81188
40109,kBs,33.866376,130.764265
40130,s,33.590096,130.401754
40131,s,33.61776,130.417419
40132,s,33.591402,130.414864
40133,s,33.589207,130.393032
40134,s,33.561543,130.426586
40135,s,33.582848,130.323116
40136,s,33.575708,130.369868
40137,sǋ,33.581818,130.34837
40202,喴cs,33.030348,130.446012
40203,vĎs,33.319291,130.508389
40204,s,33.743947,130.729641
40205,ђˎs,33.645903,130.691449
40206,cs,33.638821,130.806136
40207,s,33.163111,130.405955
40210,s,33.211831,130.557888
40211,}s,33.212247,130.502115
40212,s,33.20655,130.383902
40213,ss,33.728703,130.982981
40214,LOs,33.611524,131.130276
40215,Ԏs,33.816596,130.709115
40216,Ss,33.396507,130.555579
40217,}s,33.496386,130.515607
40218,ts,33.53266,130.470305
40219,s,33.536298,130.478832
40220,@s,33.805548,130.540515
40221,ɕ{s,33.51285,130.523883
40223,És,33.72875,130.470051
40224,Îs,33.766801,130.491104
40225,͎s,33.347462,130.754922
40226,{s,33.723531,130.666702
40227,Ös,33.563215,130.711534
40228,qs,33.423451,130.665514
40229,݂܎s,33.152447,130.474784
40230,s,33.557369,130.195638
40231,߉ϐs,33.499494,130.422255
40341,F,33.567767,130.511162
40342,I,33.623844,130.526242
40343,uƒ,33.591443,130.479794
40344,{b,33.587209,130.507246
40345,V{,33.715139,130.44658
40348,vR,33.646703,130.500022
40349,,33.610841,130.480672
40381,,33.893733,130.663893
40382,,33.854743,130.694906
40383,_,33.853526,130.611613
40384,꒬,33.848045,130.668198
40401,|,33.692452,130.712782
40402,Ǝ蒬,33.792051,130.674672
40421,j쒬,33.578852,130.67812
40447,}O,33.457057,130.595158
40448,,33.397319,130.869942
40503,品,33.372399,130.622407
40522,ؒ,33.210412,130.439786
40544,L쒬,33.241439,130.551388
40601,t,33.667958,130.847327
40602,Yc,33.571746,130.854079
40604,c,33.652813,130.779103
40605,蒬,33.599992,130.815386
40608,C,33.612325,130.852133
40609,ԑ,33.616658,130.870826
40610,q,33.681846,130.775997
40621,c,33.776032,130.980479
40625,݂₱,33.699205,130.920404
40642,gx,33.60272,131.175967
40646,ђ,33.578332,131.164412
40647,z㒬,33.656129,131.056143
41000,ꌧ,33.249322,130.298799
41201,s,33.263376,130.300771
41202,Îs,33.450018,129.968462
41203,s,33.377788,130.506002
41204,vs,33.288538,130.110118
41205,ɖs,33.264757,129.880833
41206,Ys,33.19374,130.0191
41207,s,33.104084,130.098622
41208,s,33.273672,130.216859
41209,s,33.128331,130.059653
41210,_s,33.310735,130.372985
41327,g샖,33.321178,130.398899
41341,R,33.427032,130.523138
41345,,33.319539,130.426204
41346,݂₫,33.324846,130.454285
41387,C,33.472236,129.874772
41401,Lc,33.211363,129.848904
41423,咬,33.213878,130.116036
41424,]k,33.220461,130.157311
41425,Β,33.181076,130.143504
41441,ǒ,33.01951,130.179176
42000,茧,32.74999,129.867628
42201,s,32.750252,129.877792
42202,ێs,33.179873,129.715404
42203,s,32.788061,130.370499
42204,|s,32.84419,130.053609
42205,呺s,32.900017,129.958252
42207,ˎs,33.368045,129.553773
42208,Ys,33.34119,129.70915
42209,Δns,34.202726,129.287294
42210,s,33.749897,129.691251
42211,ܓs,32.695567,128.840929
42212,Cs,32.933147,129.64311
42213,_s,32.835111,130.18751
42214,쓇s,32.659738,130.297705
42307,^,32.825189,129.875095
42308,Ò,32.828882,129.848541
42321,ދn,33.036975,129.917141
42322,I,33.072665,129.861478
42323,g,33.138159,129.895611
42383,l꒬,33.191025,129.059038
42391,X,33.238366,129.650408
42411,Vܓ,32.984464,129.073377
43000,F{,32.790374,130.741134
43100,F{s,32.803233,130.708135
43101,F{s,32.803233,130.708135
43102,F{s,32.780523,130.768069
43103,F{s,32.776351,130.647566
43104,F{s,32.715354,130.678929
43105,F{sk,32.903555,130.694408
43202,s,32.507589,130.601821
43203,lgs,32.216889,130.739392
43204,rs,32.986741,130.433181
43205,s,32.211865,130.408795
43206,ʖs,32.935212,130.562773
43208,Rs,33.017576,130.691365
43210,ers,32.979663,130.813152
43211,Fys,32.687437,130.65831
43212,Vs,32.587497,130.430501
43213,Fs,32.647802,130.684281
43214,hs,32.952087,131.121378
43215,Vs,32.458643,130.193082
43216,us,32.885921,130.789767
43348,,32.639611,130.788831
43364,ʓ,32.918916,130.628529
43367,֒,33.061567,130.541309
43368,F,32.929747,130.452763
43369,a,32.978161,130.605723
43403,Ò,32.878951,130.868206
43404,ez,32.862507,130.828682
43423,쏬,33.098185,131.070881
43424,,33.121517,131.068296
43425,YR,32.995501,131.216787
43428,X,32.827209,131.122019
43432,,32.834706,130.903065
43433,숢h,32.845112,131.017788
43441,D,32.714521,130.801883
43442,Ó,32.739934,130.757301
43443,v钬,32.791402,130.816407
43444,b,32.651435,130.811237
43447,Rs,32.68547,130.990467
43468,X쒬,32.582364,130.67373
43482,k,32.298914,130.493088
43484,Óޖؒ,32.233974,130.440263
43501,ђ,32.201071,130.841092
43505,ǖؒ,32.264178,130.935917
43506,O,32.276151,130.981024
43507,㑺,32.31437,131.009548
43510,Ǒ,32.235344,130.798067
43511,ܖؑ,32.397206,130.828092
43512,R],32.246342,130.767319
43513,,32.252672,130.651357
43514,蒬,32.240365,130.897817
43531,k,32.513081,130.054784
44000,啪,33.238128,131.612605
44201,啪s,33.239461,131.609688
44202,ʕ{s,33.284619,131.491172
44203,Îs,33.598277,131.188188
44204,cs,33.321136,130.941355
44205,s,32.960191,131.899504
44206,Pns,33.125922,131.804646
44207,Ëvs,33.072402,131.861171
44208,|cs,32.973175,131.398408
44209,L㍂cs,33.556173,131.447046
44210,nzs,33.417003,131.616374
44211,Fs,33.53201,131.349481
44212,Ls,32.978041,131.585058
44213,Rzs,33.180099,131.426761
44214,s,33.563333,131.732385
44322,P,33.724454,131.645136
44341,o,33.369473,131.532528
44461,d,33.228454,131.188783
44462,쒬,33.283282,131.151283
45000,{茧,31.910975,131.423863
45201,{s,31.90767,131.420197
45202,ss,31.719596,131.061618
45203,s,32.582306,131.664898
45204,s,31.601949,131.378738
45205,юs,31.99665,130.972726
45206,s,32.422791,131.623934
45207,Ԏs,31.464572,131.228641
45208,ss,32.108512,131.401327
45209,т̎s,32.045477,130.810991
45341,OҒ,31.730707,131.124975
45361,,31.928379,131.007865
45382,x,31.99066,131.323561
45383,,31.999074,131.253009
45401,璬,32.128066,131.503287
45402,Vx,32.068907,131.487849
45403,ėǑ,32.226354,131.154454
45404,؏钬,32.163786,131.473347
45405,쒬,32.192061,131.525896
45406,s_,32.256556,131.559695
45421,쒬,32.469759,131.648819
45429,ˑ,32.512189,131.330318
45430,ŗt,32.467346,131.158377
45431,,32.440255,131.423201
45441,䒬,32.711726,131.307756
45442,Ve,32.653788,131.388084
45443,܃,32.68292,131.196184
46000,,31.560185,130.558141
46201,s,31.596792,130.557335
46203,s,31.378267,130.852208
46204,s,31.27285,130.296868
46206,vs,32.014356,130.19262
46208,os,32.090461,130.352691
46210,whs,31.252803,130.633117
46213,V\s,30.732478,130.99736
46214,s,31.492723,130.70102
46215,Fs,31.813211,130.304205
46216,us,31.63373,130.402204
46217,]s,31.65349,131.019182
46218,s,31.741031,130.763061
46219,ؖs,31.71458,130.271962
46220,삳܎s,31.416611,130.323444
46221,uzus,31.495344,131.045436
46222,s,28.377245,129.493838
46223,Bs,31.378314,130.441767
46224,ɍs,32.05708,130.612949
46225,ǎs,31.728225,130.627824
46303,O,31.594502,130.560712
46304,\,31.593287,130.560565
46392,ܒ,31.906231,130.455301
46404,,32.199295,130.176929
46452,N,31.951677,130.721141
46468,蒬,31.429239,131.005859
46482,ǒ,31.385681,130.973332
46490,э],31.243502,130.787634
46491,,31.217337,130.768247
46492,̕t,31.344661,130.945228
46501,q,30.532941,130.95851
46502,q,30.413227,130.901104
46505,v,30.37116,130.665309
46523,a,28.358022,129.395235
46524,F,28.280775,129.297411
46525,˓,28.14651,129.314721
46527,,28.413161,129.589328
46529,E,28.316855,129.939988
46530,V,27.72659,129.018699
46531,V钬,27.809218,128.897732
46532,ɐ咬,27.673564,128.937598
46533,a,27.39217,128.655241
46534,m,27.333536,128.573694
46535,^_,27.048501,128.414829
47000,ꌧ,26.212365,127.680975
47201,ߔes,26.212295,127.679218
47205,Xps,26.281611,127.778437
47207,Ί_s,24.340682,124.155592
47208,YYs,26.245835,127.721832
47209,s,26.591671,127.977605
47210,s,26.124284,127.666312
47211,s,26.334218,127.805683
47212,Ls,26.161087,127.669191
47213,܎s,26.379187,127.857427
47214,{Ós,24.805412,125.281176
47215,s,26.144401,127.766833
47301,,26.74569,128.178029
47302,X,26.701597,128.120395
47303,,26.633019,128.156148
47306,Am,26.682552,127.972796
47308,{,26.658079,127.898108
47311,[,26.497399,127.853646
47313,X,26.481597,127.975636
47314,,26.45621,127.925975
47315,ɍ],26.71346,127.807086
47324,ǒJ,26.396155,127.744435
47325,Î[,26.36177,127.75538
47326,kJ,26.319941,127.763825
47327,k鑺,26.301054,127.793074
47328,鑺,26.267668,127.79127
47329,,26.222837,127.758844
47348,^ߌ,26.199452,127.754803
47350,앗,26.191063,127.728584
47353,nÕ~,26.197385,127.364333
47354,Ԗ,26.228908,127.303253
47355,,26.582344,127.227192
47356,n쑺,26.372141,127.141066
47357,哌,25.828903,131.23191
47358,k哌,25.945754,131.298763
47359,ɕ,27.039238,127.968671
47360,ɐ,26.92836,127.941234
47361,vē,26.34069,126.804929
47362,d,26.158219,127.718728
47375,Ǌԑ,24.66936,124.701587
47381,|x,24.339766,124.154453
47382,^ߍ,24.467957,123.004592